"0","knitr::opts_chunk$set(echo = TRUE)"
"0","library(BBmisc)"
"2","Registered S3 method overwritten by 'data.table':
  method           from
  print.data.table     
"
"2","
Attaching package: â€˜BBmiscâ€™

"
"2","The following object is masked from â€˜package:baseâ€™:

    isFALSE

"
"0","library(tidyverse)"
"2","â”€â”€ [1mAttaching core tidyverse packages[22m â”€â”€â”€â”€â”€â”€â”€â”€â”€â”€
[32mâœ”[39m [34mdplyr    [39m 1.1.0     [32mâœ”[39m [34mreadr    [39m 2.1.4
[32mâœ”[39m [34mforcats  [39m 1.0.0     [32mâœ”[39m [34mstringr  [39m 1.5.0
[32mâœ”[39m [34mggplot2  [39m 3.4.1     [32mâœ”[39m [34mtibble   [39m 3.1.8
[32mâœ”[39m [34mlubridate[39m 1.9.2     [32mâœ”[39m [34mtidyr    [39m 1.3.0
[32mâœ”[39m [34mpurrr    [39m 1.0.1     "
"2","â”€â”€ [1mConflicts[22m â”€â”€â”€â”€â”€â”€â”€â”€â”€ tidyverse_conflicts() â”€â”€
[31mâœ–[39m [34mdplyr[39m::[32mcoalesce()[39m masks [34mBBmisc[39m::coalesce()
[31mâœ–[39m [34mdplyr[39m::[32mcollapse()[39m masks [34mBBmisc[39m::collapse()
[31mâœ–[39m [34mdplyr[39m::[32mfilter()[39m   masks [34mstats[39m::filter()
[31mâœ–[39m [34mdplyr[39m::[32mlag()[39m      masks [34mstats[39m::lag()
[31mâœ–[39m [34mdplyr[39m::[32msymdiff()[39m  masks [34mBBmisc[39m::symdiff()
[36mâ„¹[39m Use the ]8;;http://conflicted.r-lib.org/conflicted package]8;; to force all conflicts to become errors"
"0","library(dplyr)"
"0","library(readxl)"
"0","library(caret)"
"2","Loading required package: lattice
"
"2","
Attaching package: â€˜caretâ€™

"
"2","The following object is masked from â€˜package:purrrâ€™:

    lift

"
"0","library(ggridges)"
"0","library(reshape2)"
"2","
Attaching package: â€˜reshape2â€™

"
"2","The following object is masked from â€˜package:tidyrâ€™:

    smiths

"
"0","library(lubridate)"
"0","library(RColorBrewer)"
"0","library(corrplot)"
"2","corrplot 0.92 loaded
"
"0","library(GGally)"
"2","Registered S3 method overwritten by 'GGally':
  method from   
  +.gg   ggplot2
"
"0","library(party)"
"2","Loading required package: grid
"
"2","
Attaching package: â€˜gridâ€™

"
"2","The following object is masked from â€˜package:BBmiscâ€™:

    explode

"
"2","Loading required package: mvtnorm
"
"2","Loading required package: modeltools
"
"2","Loading required package: stats4
"
"2","Loading required package: strucchange
"
"2","Loading required package: zoo
"
"2","
Attaching package: â€˜zooâ€™

"
"2","The following objects are masked from â€˜package:baseâ€™:

    as.Date, as.Date.numeric

"
"2","Loading required package: sandwich
"
"2","
Attaching package: â€˜strucchangeâ€™

"
"2","The following object is masked from â€˜package:stringrâ€™:

    boundary

"
"2","
Attaching package: â€˜partyâ€™

"
"2","The following object is masked from â€˜package:dplyrâ€™:

    where

"
"0","library(MASS)"
"2","
Attaching package: â€˜MASSâ€™

"
"2","The following object is masked from â€˜package:dplyrâ€™:

    select

"
"0","library(randomForest)"
"2","randomForest 4.7-1.1
"
"2","Type rfNews() to see new features/changes/bug fixes.
"
"2","
Attaching package: â€˜randomForestâ€™

"
"2","The following object is masked from â€˜package:dplyrâ€™:

    combine

"
"2","The following object is masked from â€˜package:ggplot2â€™:

    margin

"
